
#=====================================================
#           ________________  .____         
#           \_   _____/     \ |    |      
#            |    __)/  \ /  \|    |      
#            |     \/    Y    \    |___   
#            \___  /\____|__  /_______ \ 
#                \/         \/        \/ 
#
# Initializing FML, MPI and FFTW
# MPI is enabled. Running with 16 MPI tasks
# OpenMP is *not* enabled
# FFTW is enabled. Thread support is *not* enabled
#
# List of tasks:
# Task    0 [rastaban.uio.no]
#     x-domain [       0 ,   0.0625)
# Task    1 [rastaban.uio.no]
#     x-domain [  0.0625 ,    0.125)
# Task    2 [rastaban.uio.no]
#     x-domain [   0.125 ,   0.1875)
# Task    3 [rastaban.uio.no]
#     x-domain [  0.1875 ,     0.25)
# Task    4 [rastaban.uio.no]
#     x-domain [    0.25 ,   0.3125)
# Task    5 [rastaban.uio.no]
#     x-domain [  0.3125 ,    0.375)
# Task    6 [rastaban.uio.no]
#     x-domain [   0.375 ,   0.4375)
# Task    7 [rastaban.uio.no]
#     x-domain [  0.4375 ,      0.5)
# Task    8 [rastaban.uio.no]
#     x-domain [     0.5 ,   0.5625)
# Task    9 [rastaban.uio.no]
#     x-domain [  0.5625 ,    0.625)
# Task   10 [rastaban.uio.no]
#     x-domain [   0.625 ,   0.6875)
# Task   11 [rastaban.uio.no]
#     x-domain [  0.6875 ,     0.75)
# Task   12 [rastaban.uio.no]
#     x-domain [    0.75 ,   0.8125)
# Task   13 [rastaban.uio.no]
#     x-domain [  0.8125 ,    0.875)
# Task   14 [rastaban.uio.no]
#     x-domain [   0.875 ,   0.9375)
# Task   15 [rastaban.uio.no]
#     x-domain [  0.9375 ,        1)
#
#=====================================================

Reading particles from file
Running compute_power_spectrum
     0.00613592         81096.5 
      0.0122718         81469.2 
      0.0184078          118073 
      0.0245437         84227.4 
      0.0306796           76216 
      0.0368155         59359.1 
      0.0429515         45164.6 
      0.0490874         41579.3 
      0.0552233         36143.1 
      0.0613592         35789.9 
      0.0674952         33286.3 
      0.0736311         32005.1 
       0.079767         28743.6 
      0.0859029         23705.7 
      0.0920388         23387.8 
      0.0981748         20043.2 
       0.104311         17547.8 
       0.110447         16572.6 
       0.116583         16251.6 
       0.122718         14681.2 
       0.128854         13136.5 
        0.13499         12700.2 
       0.141126         12210.4 
       0.147262         10955.7 
       0.153398         10425.9 
       0.159534         9911.33 
        0.16567         9237.94 
       0.171806         9271.21 
       0.177942         8403.74 
       0.184078         8106.72 
       0.190214         7734.67 
        0.19635         7320.48 
       0.202485         6954.66 
       0.208621         6497.13 
       0.214757         6271.63 
       0.220893          6001.4 
       0.227029         5869.11 
       0.233165         5541.35 
       0.239301         5372.66 
       0.245437         5204.72 
       0.251573         4809.89 
       0.257709         4624.42 
       0.263845         4542.37 
       0.269981         4395.62 
       0.276117         4210.04 
       0.282252         4064.71 
       0.288388         3885.49 
       0.294524         3780.57 
        0.30066         3642.98 
       0.306796         3521.48 
       0.312932         3436.43 
       0.319068         3243.34 
       0.325204         3186.99 
        0.33134         3165.09 
       0.337476         2958.03 
       0.343612         2852.61 
       0.349748         2755.61 
       0.355884         2679.78 
       0.362019          2655.3 
       0.368155          2542.6 
       0.374291         2476.79 
       0.380427          2439.2 
       0.386563         2278.37 
       0.392699         2265.29 
       0.398835         2238.14 
       0.404971         2135.05 
       0.411107         2019.97 
       0.417243         1985.04 
       0.423379         1959.01 
       0.429515         1964.84 
       0.435651         1934.71 
       0.441786         1781.59 
       0.447922         1752.72 
       0.454058         1721.82 
       0.460194         1664.92 
        0.46633         1691.49 
       0.472466         1616.86 
       0.478602         1528.93 
       0.484738         1522.87 
       0.490874          1517.9 
        0.49701         1484.76 
       0.503146         1391.53 
       0.509282          1430.1 
       0.515418         1355.97 
       0.521553         1337.68 
       0.527689         1318.25 
       0.533825         1263.01 
       0.539961         1253.88 
       0.546097         1209.29 
       0.552233         1198.49 
       0.558369         1144.13 
       0.564505         1135.74 
       0.570641         1104.16 
       0.576777         1095.88 
       0.582913         1092.02 
       0.589049         1028.25 
       0.595185         1004.82 
        0.60132         1010.83 
       0.607456         985.259 
       0.613592         946.682 
       0.619728         947.063 
       0.625864         919.535 
          0.632         922.684 
       0.638136         899.672 
       0.644272         858.431 
       0.650408         850.017 
       0.656544         824.657 
        0.66268         806.798 
       0.668816         788.659 
       0.674952         786.897 
       0.681087         769.816 
       0.687223         765.873 
       0.693359         749.325 
       0.699495         733.418 
       0.705631         726.014 
       0.711767         693.578 
       0.717903         692.859 
       0.724039         669.162 
       0.730175         665.565 
       0.736311         670.985 
       0.742447         649.646 
       0.748583         629.408 
       0.754719         629.492 
       0.760854         603.265 
        0.76699          576.55 
       0.773126         585.463 
       0.779262         591.779 
       0.785398         580.304 
       0.791534         562.416 
        0.79767         557.054 
       0.803806         549.548 
       0.809942         518.056 
       0.816078         526.089 
       0.822214         514.076 
        0.82835          502.56 
       0.834486         494.821 
       0.840621         500.744 
       0.846757         472.236 
       0.852893         466.257 
       0.859029         478.152 
       0.865165          465.86 
       0.871301         455.343 
       0.877437         445.191 
       0.883573         421.443 
       0.889709         417.949 
       0.895845         441.539 
       0.901981         397.124 
       0.908117         392.803 
       0.914253         396.002 
       0.920388          390.29 
       0.926524         399.423 
        0.93266         378.228 
       0.938796         388.151 
       0.944932         372.379 
       0.951068         360.113 
       0.957204         367.706 
        0.96334         359.774 
       0.969476         340.205 
       0.975612          353.09 
       0.981748          347.48 
       0.987884         335.291 
        0.99402         318.899 
        1.00016         319.862 
        1.00629         317.295 
        1.01243         307.662 
        1.01856         320.076 
         1.0247          327.06 
        1.03084         309.429 
        1.03697         314.071 
        1.04311         304.316 
        1.04924         287.013 
        1.05538         295.706 
        1.06151         288.039 
        1.06765         272.103 
        1.07379         284.335 
        1.07992         277.801 
        1.08606         269.453 
        1.09219         272.815 
        1.09833         271.258 
        1.10447         277.719 
         1.1106         260.307 
        1.11674         255.308 
        1.12287          267.75 
        1.12901         250.282 
        1.13515         240.455 
        1.14128             234 
        1.14742         243.638 
        1.15355         242.485 
        1.15969         232.573 
        1.16583         242.376 
        1.17196         227.013 
         1.1781         226.688 
        1.18423         223.382 
        1.19037          233.46 
        1.19651         224.041 
        1.20264         216.161 
        1.20878         214.101 
        1.21491         214.445 
        1.22105         211.882 
        1.22718         203.794 
        1.23332         211.075 
        1.23946         209.008 
        1.24559         198.502 
        1.25173         201.549 
        1.25786         207.715 
          1.264         199.976 
        1.27014         192.507 
        1.27627          198.65 
        1.28241         193.785 
        1.28854         186.185 
        1.29468         185.199 
        1.30082         195.348 
        1.30695         189.275 
        1.31309         177.567 
        1.31922         188.389 
        1.32536         182.888 
         1.3315         169.303 
        1.33763         184.266 
        1.34377          177.41 
         1.3499         182.748 
        1.35604         183.433 
        1.36217         174.893 
        1.36831         171.009 
        1.37445         170.642 
        1.38058         165.773 
        1.38672         172.293 
        1.39285         171.768 
        1.39899         164.772 
        1.40513         173.153 
        1.41126         155.245 
         1.4174         163.791 
        1.42353         161.603 
        1.42967         156.342 
        1.43581         166.434 
        1.44194         158.253 
        1.44808         159.649 
        1.45421         160.093 
        1.46035         161.542 
        1.46649         162.513 
        1.47262         148.473 
        1.47876          149.21 
        1.48489         155.157 
        1.49103         137.974 
        1.49717         148.646 
         1.5033          141.29 
        1.50944         153.773 
        1.51557         146.667 
        1.52171         147.505 
        1.52784         141.849 
        1.53398         137.289 
        1.54012         146.995 
        1.54625         141.866 
        1.55239         146.535 
        1.55852         138.121 
        1.56466         140.293 
         1.5708         146.284 
        1.57693         140.955 
        1.58307         148.608 
         1.5892         136.934 
        1.59534         136.584 
        1.60148         146.571 
        1.60761           143.7 
        1.61375          140.38 
        1.61988         138.581 
        1.62602         145.251 
        1.63216         133.112 
        1.63829         141.909 
        1.64443         133.935 
        1.65056         136.577 
         1.6567         135.007 
        1.66284         141.167 
        1.66897         146.021 
        1.67511         131.473 
        1.68124         134.941 
        1.68738         141.163 
        1.69351         134.823 
        1.69965         136.766 
        1.70579         132.677 
        1.71192         132.337 
        1.71806         130.099 
        1.72419         129.192 
        1.73033         131.632 
        1.73647         134.005 
         1.7426         133.265 
        1.74874         133.565 
        1.75487         137.091 
        1.76101         133.028 
        1.76715         138.291 
        1.77328         133.539 
        1.77942         134.789 
        1.78555         139.364 
        1.79169         130.166 
        1.79783         135.294 
        1.80396         139.018 
         1.8101         133.025 
        1.81623         133.716 
        1.82237         130.383 
        1.82851           143.3 
        1.83464          137.26 
        1.84078         136.111 
        1.84691         137.766 
        1.85305         135.584 
        1.85918         149.689 
        1.86532           130.9 
        1.87146         133.541 
        1.87759         134.204 
        1.88373         137.329 
        1.88986         145.776 
          1.896         138.712 
        1.90214         145.747 
        1.90827         142.748 
        1.91441         138.828 
        1.92054         138.863 
        1.92668         147.017 
        1.93282         150.753 
        1.93895         147.539 
        1.94509         143.278 
        1.95122         144.404 
        1.95736         146.622 
         1.9635         146.092 
        1.96963         148.751 
        1.97577         148.399 
         1.9819         153.403 
        1.98804         151.963 
        1.99418         153.215 
        2.00031         149.505 
        2.00645         150.419 
        2.01258         154.065 
        2.01872         157.589 
        2.02485         154.546 
        2.03099         161.265 
        2.03713          151.04 
        2.04326         159.659 
         2.0494         153.336 
        2.05553         157.788 
        2.06167         154.652 
        2.06781         172.663 
        2.07394         160.014 
        2.08008         165.184 
        2.08621         165.316 
        2.09235         168.674 
        2.09849         166.551 
        2.10462         175.711 
        2.11076         170.404 
        2.11689         172.312 
        2.12303         176.396 
        2.12917         178.485 
         2.1353         175.889 
        2.14144         179.872 
        2.14757         180.355 
        2.15371         177.398 
        2.15984         184.639 
        2.16598         180.133 
        2.17212         188.498 
        2.17825         184.254 
        2.18439         190.841 
        2.19052          195.86 
        2.19666         189.023 
         2.2028         195.415 
        2.20893         193.068 
        2.21507         194.497 
         2.2212          195.57 
        2.22734         201.865 
        2.23348         197.754 
        2.23961         203.541 
        2.24575         206.677 
        2.25188         206.402 
        2.25802         212.529 
        2.26416         212.153 
        2.27029         211.769 
        2.27643         213.254 
        2.28256         218.654 
         2.2887         218.567 
        2.29484         224.583 
        2.30097         222.466 
        2.30711         226.349 
        2.31324         225.687 
        2.31938         227.557 
        2.32551         235.408 
        2.33165         234.634 
        2.33779         236.749 
        2.34392         243.337 
        2.35006         242.296 
        2.35619         244.831 
        2.36233         251.541 
        2.36847          254.53 
         2.3746         258.384 
        2.38074         255.657 
        2.38687         257.057 
        2.39301         261.155 
        2.39915         268.063 
        2.40528         269.062 
        2.41142         270.048 
        2.41755         275.107 
        2.42369         271.889 
        2.42983         280.992 
        2.43596         281.537 
         2.4421          288.77 
        2.44823          295.53 
        2.45437         291.827 
        2.46051          294.34 
        2.46664         298.419 
        2.47278         311.161 
        2.47891         302.827 
        2.48505         311.361 
        2.49118         313.712 
        2.49732         316.887 
        2.50346         322.307 
        2.50959          322.16 
        2.51573         333.273 
        2.52186         336.386 
          2.528          333.88 
        2.53414         336.786 
        2.54027         344.343 
        2.54641         351.867 
        2.55254         352.747 
        2.55868         360.454 
        2.56482         361.196 
        2.57095         369.696 
        2.57709         371.254 
        2.58322          375.86 
        2.58936         377.479 
         2.5955         379.895 
        2.60163         388.678 
        2.60777         389.593 
         2.6139         396.005 
        2.62004         406.967 
        2.62618         410.053 
        2.63231         421.695 
        2.63845         423.863 
        2.64458         425.499 
        2.65072         427.452 
        2.65685         433.869 
        2.66299          439.99 
        2.66913         450.761 
        2.67526         448.002 
         2.6814         459.489 
        2.68753         461.911 
        2.69367         468.526 
        2.69981         474.533 
        2.70594         488.153 
        2.71208         493.658 
        2.71821         501.127 
        2.72435         499.603 
        2.73049         502.688 
        2.73662         515.843 
        2.74276         515.039 
        2.74889          525.16 
        2.75503         538.855 
        2.76117         543.043 
         2.7673           551.7 
        2.77344          559.06 
        2.77957         561.912 
        2.78571         567.472 
        2.79185         578.899 
        2.79798          582.16 
        2.80412         595.272 
        2.81025          600.88 
        2.81639         602.023 
        2.82252         618.792 
        2.82866         625.602 
         2.8348         631.316 
        2.84093         648.774 
        2.84707         649.723 
         2.8532         657.326 
        2.85934         671.805 
        2.86548         677.091 
        2.87161         688.075 
        2.87775         694.045 
        2.88388         699.884 
        2.89002         712.211 
        2.89616         720.239 
        2.90229         728.289 
        2.90843         741.477 
        2.91456         751.093 
         2.9207         759.771 
        2.92684         773.125 
        2.93297         775.346 
        2.93911         788.329 
        2.94524         802.533 
        2.95138         813.359 
        2.95751         824.675 
        2.96365         831.778 
        2.96979         848.122 
        2.97592         856.335 
        2.98206         870.225 
        2.98819         879.202 
        2.99433         887.482 
        3.00047         903.111 
         3.0066          909.55 
        3.01274         928.233 
        3.01887         940.058 
        3.02501         955.043 
        3.03115          966.57 
        3.03728         980.495 
        3.04342         987.299 
        3.04955         1003.84 
        3.05569         1018.77 
        3.06183         1034.81 
        3.06796         1042.54 
         3.0741         1053.62 
        3.08023         1075.47 
        3.08637         1086.41 
        3.09251          1100.9 
        3.09864         1124.77 
        3.10478         1133.51 
        3.11091         1154.13 
        3.11705         1155.79 
        3.12318         1176.71 
        3.12932         1197.38 
        3.13546         1213.18 
        3.14159         1220.54 

Running compute_power_spectrum with interlacing
     0.00613592         81096.5 
      0.0122718         81469.2 
      0.0184078          118073 
      0.0245437         84227.4 
      0.0306796           76216 
      0.0368155           59359 
      0.0429515         45164.6 
      0.0490874         41579.3 
      0.0552233         36143.1 
      0.0613592           35790 
      0.0674952         33286.3 
      0.0736311         32005.3 
       0.079767         28743.6 
      0.0859029         23705.8 
      0.0920388         23387.7 
      0.0981748         20043.1 
       0.104311         17547.8 
       0.110447         16572.8 
       0.116583         16251.5 
       0.122718         14681.1 
       0.128854         13136.5 
        0.13499         12700.4 
       0.141126         12210.5 
       0.147262         10955.6 
       0.153398         10425.9 
       0.159534         9911.22 
        0.16567          9237.9 
       0.171806         9271.19 
       0.177942         8403.72 
       0.184078         8106.61 
       0.190214         7734.74 
        0.19635         7320.56 
       0.202485         6954.67 
       0.208621         6497.03 
       0.214757         6271.51 
       0.220893         6001.46 
       0.227029         5869.04 
       0.233165         5541.29 
       0.239301         5372.77 
       0.245437         5204.59 
       0.251573         4809.93 
       0.257709         4624.47 
       0.263845         4542.44 
       0.269981          4395.7 
       0.276117         4209.82 
       0.282252         4064.46 
       0.288388         3885.46 
       0.294524         3780.48 
        0.30066         3643.05 
       0.306796         3521.38 
       0.312932         3436.41 
       0.319068         3243.48 
       0.325204         3186.91 
        0.33134         3165.01 
       0.337476         2957.89 
       0.343612         2853.02 
       0.349748         2755.71 
       0.355884         2679.77 
       0.362019         2655.15 
       0.368155         2542.76 
       0.374291         2476.91 
       0.380427         2439.27 
       0.386563         2278.22 
       0.392699         2265.08 
       0.398835         2238.02 
       0.404971         2135.31 
       0.411107         2020.04 
       0.417243         1984.93 
       0.423379         1959.03 
       0.429515         1964.89 
       0.435651         1934.88 
       0.441786         1781.41 
       0.447922         1752.62 
       0.454058         1721.83 
       0.460194         1664.96 
        0.46633         1691.83 
       0.472466         1616.75 
       0.478602            1529 
       0.484738         1522.88 
       0.490874         1518.08 
        0.49701         1484.56 
       0.503146         1391.72 
       0.509282          1430.5 
       0.515418         1355.78 
       0.521553         1337.52 
       0.527689         1318.34 
       0.533825         1263.04 
       0.539961          1253.7 
       0.546097         1209.47 
       0.552233         1198.68 
       0.558369         1144.09 
       0.564505         1135.43 
       0.570641          1104.1 
       0.576777         1095.69 
       0.582913         1091.77 
       0.589049         1028.33 
       0.595185         1004.97 
        0.60132         1010.32 
       0.607456         985.006 
       0.613592         946.535 
       0.619728         946.863 
       0.625864         919.297 
          0.632         922.308 
       0.638136         899.602 
       0.644272         858.439 
       0.650408         849.516 
       0.656544         824.251 
        0.66268         806.748 
       0.668816         788.101 
       0.674952         786.811 
       0.681087          769.64 
       0.687223         765.988 
       0.693359         748.931 
       0.699495         733.149 
       0.705631         725.538 
       0.711767         693.365 
       0.717903          692.82 
       0.724039         668.447 
       0.730175         665.187 
       0.736311         670.183 
       0.742447          648.81 
       0.748583         628.995 
       0.754719          628.69 
       0.760854         602.282 
        0.76699         575.792 
       0.773126         584.671 
       0.779262          590.67 
       0.785398         578.952 
       0.791534         561.984 
        0.79767         556.107 
       0.803806         548.596 
       0.809942         517.141 
       0.816078         524.821 
       0.822214         513.536 
        0.82835         501.409 
       0.834486         493.937 
       0.840621         499.465 
       0.846757         471.061 
       0.852893         464.656 
       0.859029         477.595 
       0.865165         464.218 
       0.871301          453.88 
       0.877437         443.655 
       0.883573         419.688 
       0.889709         416.613 
       0.895845          439.98 
       0.901981         395.957 
       0.908117          391.42 
       0.914253         394.771 
       0.920388         388.678 
       0.926524         397.386 
        0.93266         376.571 
       0.938796         386.447 
       0.944932         370.172 
       0.951068         358.453 
       0.957204         365.893 
        0.96334         357.248 
       0.969476         337.961 
       0.975612         350.621 
       0.981748         345.523 
       0.987884         332.752 
        0.99402         316.103 
        1.00016          316.99 
        1.00629         314.797 
        1.01243         304.692 
        1.01856         317.171 
         1.0247         324.928 
        1.03084         306.146 
        1.03697         310.976 
        1.04311         300.995 
        1.04924         283.076 
        1.05538         292.298 
        1.06151         284.946 
        1.06765         268.569 
        1.07379         280.242 
        1.07992         274.031 
        1.08606         265.791 
        1.09219         268.986 
        1.09833         266.486 
        1.10447         273.007 
         1.1106         255.643 
        1.11674         250.092 
        1.12287         262.759 
        1.12901         246.277 
        1.13515           236.2 
        1.14128         228.683 
        1.14742         238.574 
        1.15355         236.717 
        1.15969         228.183 
        1.16583         236.964 
        1.17196         221.948 
         1.1781         221.336 
        1.18423         217.476 
        1.19037         227.606 
        1.19651         219.012 
        1.20264         209.887 
        1.20878         207.613 
        1.21491         207.631 
        1.22105         204.674 
        1.22718         197.287 
        1.23332         204.109 
        1.23946         202.301 
        1.24559         191.695 
        1.25173         193.994 
        1.25786         200.526 
          1.264         192.399 
        1.27014         183.997 
        1.27627         190.436 
        1.28241         185.683 
        1.28854         177.519 
        1.29468          176.65 
        1.30082         187.195 
        1.30695         179.624 
        1.31309         168.141 
        1.31922         178.809 
        1.32536         174.196 
         1.3315         159.278 
        1.33763         174.511 
        1.34377         166.405 
         1.3499         172.241 
        1.35604         172.291 
        1.36217         164.079 
        1.36831         159.632 
        1.37445         158.676 
        1.38058         154.049 
        1.38672         159.131 
        1.39285         158.912 
        1.39899         152.045 
        1.40513         160.348 
        1.41126         142.624 
         1.4174         150.036 
        1.42353         147.258 
        1.42967         141.973 
        1.43581         152.345 
        1.44194         143.603 
        1.44808         145.187 
        1.45421         144.416 
        1.46035         145.975 
        1.46649         146.517 
        1.47262         132.252 
        1.47876         133.135 
        1.48489         138.212 
        1.49103         120.415 
        1.49717         132.046 
         1.5033         122.919 
        1.50944         134.996 
        1.51557         128.446 
        1.52171         128.575 
        1.52784         121.825 
        1.53398         117.652 
        1.54012         126.193 
        1.54625         121.317 
        1.55239         126.307 
        1.55852         116.725 
        1.56466         119.234 
         1.5708         124.725 
        1.57693         118.882 
        1.58307         126.247 
         1.5892         113.873 
        1.59534         112.969 
        1.60148         123.319 
        1.60761         117.857 
        1.61375         115.225 
        1.61988          113.33 
        1.62602         120.215 
        1.63216         107.377 
        1.63829         115.113 
        1.64443         105.795 
        1.65056         108.404 
         1.6567         106.734 
        1.66284          111.65 
        1.66897         116.447 
        1.67511          101.71 
        1.68124         103.737 
        1.68738         110.233 
        1.69351         103.142 
        1.69965         103.734 
        1.70579         99.5863 
        1.71192         98.1971 
        1.71806         95.6136 
        1.72419         94.2164 
        1.73033         96.7712 
        1.73647         96.5666 
         1.7426         95.5428 
        1.74874          95.081 
        1.75487         98.7015 
        1.76101         94.3709 
        1.76715         98.7588 
        1.77328         92.8433 
        1.77942         93.7285 
        1.78555         98.2927 
        1.79169         89.4913 
        1.79783         90.9373 
        1.80396         95.4423 
         1.8101          88.691 
        1.81623         87.2315 
        1.82237         82.9146 
        1.82851         96.2747 
        1.83464         88.3869 
        1.84078         87.3828 
        1.84691         87.9058 
        1.85305         84.9201 
        1.85918         96.5585 
        1.86532         78.2432 
        1.87146         81.0184 
        1.87759         79.9519 
        1.88373         82.7651 
        1.88986         87.6591 
          1.896         81.4232 
        1.90214         87.0419 
        1.90827         84.2315 
        1.91441         79.6359 
        1.92054         78.0335 
        1.92668         84.8085 
        1.93282         88.8178 
        1.93895         84.4801 
        1.94509         78.5173 
        1.95122         78.8522 
        1.95736          79.601 
         1.9635          76.884 
        1.96963         80.3492 
        1.97577         77.3798 
         1.9819         82.4803 
        1.98804         78.9419 
        1.99418         80.2674 
        2.00031         74.2749 
        2.00645         74.4921 
        2.01258         77.1322 
        2.01872          78.651 
        2.02485         74.4136 
        2.03099         78.7224 
        2.03713         67.1618 
        2.04326         75.6737 
         2.0494         65.9219 
        2.05553         70.4635 
        2.06167         66.6666 
        2.06781         80.5292 
        2.07394         66.9654 
        2.08008         73.1229 
        2.08621         70.6727 
        2.09235         73.2796 
        2.09849         70.2379 
        2.10462         76.0166 
        2.11076         69.1261 
        2.11689         69.5416 
        2.12303         72.1121 
        2.12917         73.8584 
         2.1353         68.6466 
        2.14144         72.5049 
        2.14757         69.6811 
        2.15371         67.2477 
        2.15984         71.4173 
        2.16598         64.9925 
        2.17212         71.9518 
        2.17825         64.6608 
        2.18439         69.6256 
        2.19052         73.6685 
        2.19666         65.3944 
         2.2028         67.4606 
        2.20893         65.1809 
        2.21507          64.593 
         2.2212         62.2534 
        2.22734         68.1604 
        2.23348         62.4072 
        2.23961         65.3843 
        2.24575         66.8773 
        2.25188         61.9683 
        2.25802         65.8447 
        2.26416         65.1852 
        2.27029          64.935 
        2.27643         61.8894 
        2.28256         65.2196 
         2.2887         61.2948 
        2.29484         65.7065 
        2.30097         62.1868 
        2.30711         62.9097 
        2.31324         60.5343 
        2.31938            59.4 
        2.32551         63.8311 
        2.33165         62.0332 
        2.33779         59.9761 
        2.34392         61.4453 
        2.35006         60.8936 
        2.35619         60.3121 
        2.36233         62.5939 
        2.36847         61.4729 
         2.3746         63.8061 
        2.38074         59.5023 
        2.38687          56.946 
        2.39301         58.9835 
        2.39915         62.5282 
        2.40528         58.4905 
        2.41142          59.473 
        2.41755         59.1623 
        2.42369         56.2949 
        2.42983         60.3189 
        2.43596         59.0889 
         2.4421         63.0519 
        2.44823         62.5674 
        2.45437         57.6049 
        2.46051         56.4568 
        2.46664         58.0647 
        2.47278         63.8421 
        2.47891         56.2349 
        2.48505         59.2749 
        2.49118         59.2713 
        2.49732         56.7498 
        2.50346         59.1837 
        2.50959         54.0935 
        2.51573         60.9958 
        2.52186         60.8968 
          2.528         55.7371 
        2.53414         52.1802 
        2.54027         55.8074 
        2.54641         59.1613 
        2.55254         55.0513 
        2.55868         57.6013 
        2.56482         55.1159 
        2.57095         58.3187 
        2.57709          58.573 
        2.58322         56.8735 
        2.58936         55.8038 
         2.5955         51.1143 
        2.60163         58.0568 
        2.60777         50.4776 
         2.6139         50.8017 
        2.62004          55.943 
        2.62618         57.7173 
        2.63231         60.9625 
        2.63845         59.9441 
        2.64458         58.1234 
        2.65072         53.2046 
        2.65685         53.6157 
        2.66299         55.7813 
        2.66913         58.8494 
        2.67526         49.7442 
         2.6814         53.9907 
        2.68753         54.8344 
        2.69367         54.1705 
        2.69981          56.721 
        2.70594         63.4077 
        2.71208         61.8855 
        2.71821         61.5298 
        2.72435         55.4008 
        2.73049         52.7741 
        2.73662         58.4169 
        2.74276         53.8362 
        2.74889         56.6039 
        2.75503         62.0588 
        2.76117         58.6121 
         2.7673         58.3102 
        2.77344          59.197 
        2.77957         54.4628 
        2.78571         56.7437 
        2.79185         59.7779 
        2.79798         54.3238 
        2.80412         60.9966 
        2.81025         57.9401 
        2.81639         53.7251 
        2.82252         61.5838 
        2.82866         58.5846 
         2.8348         53.0443 
        2.84093         62.2561 
        2.84707         60.1093 
         2.8532         57.4197 
        2.85934         64.3272 
        2.86548         60.2454 
        2.87161         59.5791 
        2.87775         53.5615 
        2.88388         54.4337 
        2.89002         56.4845 
        2.89616         58.7296 
        2.90229         54.5618 
        2.90843         61.8466 
        2.91456         58.2594 
         2.9207         61.1745 
        2.92684         65.4443 
        2.93297         56.3535 
        2.93911          56.103 
        2.94524         60.8952 
        2.95138         58.1938 
        2.95751         62.0232 
        2.96365         58.1091 
        2.96979         61.4248 
        2.97592         60.9091 
        2.98206         61.5792 
        2.98819         60.9981 
        2.99433         58.1427 
        3.00047         62.6455 
         3.0066         58.9761 
        3.01274         62.5849 
        3.01887         62.9609 
        3.02501         64.8965 
        3.03115         63.5685 
        3.03728         64.0569 
        3.04342         60.1687 
        3.04955         63.3849 
        3.05569          63.365 
        3.06183         65.2552 
        3.06796         60.9461 
         3.0741         57.4889 
        3.08023         64.3506 
        3.08637         62.1933 
        3.09251         62.2252 
        3.09864         68.0564 
        3.10478         68.6843 
        3.11091         68.9111 
        3.11705         60.0272 
        3.12318         67.8877 
        3.12932         68.8195 
        3.13546         70.9812 
        3.14159         64.3414 

Running compute_power_spectrum_multipoles
[particles_to_redshiftspace] Maximum displacement             :  7.66978e-315
[particles_to_redshiftspace] Maximum displacement (reversing) : -7.66978e-315
[particles_to_redshiftspace] Maximum displacement             :  7.66978e-315
[particles_to_redshiftspace] Maximum displacement (reversing) : -7.66978e-315
[particles_to_redshiftspace] Maximum displacement             :  7.66978e-315
[particles_to_redshiftspace] Maximum displacement (reversing) : -7.66978e-315
     0.00613592         81096.5               0     1.69772e-11               0         71815.9 
      0.0122718         81469.2               0     5.57823e-11               0         23508.5 
      0.0184078          118073               0    -2.42532e-11               0         39621.6 
      0.0245437         84227.4               0     1.45519e-11               0        -11210.5 
      0.0306796           76216               0     4.85064e-11               0            1105 
      0.0368155           59359               0     2.54659e-11               0        -7252.91 
      0.0429515         45164.6               0    -2.78912e-11               0        -6008.74 
      0.0490874         41579.3               0     2.91038e-11               0        -3135.13 
      0.0552233         36143.1               0     -6.0633e-12               0         -3217.3 
      0.0613592           35790               0    -3.63798e-12               0         12916.3 
      0.0674952         33286.3               0    -2.91038e-11               0         2163.01 
      0.0736311         32005.3               0     3.03165e-11               0        -3970.95 
       0.079767         28743.6               0     1.00044e-10               0          1916.8 
      0.0859029         23705.8               0     2.42532e-11               0        -903.989 
      0.0920388         23387.7               0    -1.33393e-11               0         1191.47 
      0.0981748         20043.1               0     2.06152e-11               0         -223.96 
       0.104311         17547.8               0    -2.84975e-11               0         3053.58 
       0.110447         16572.8               0     3.81988e-11               0         1250.65 
       0.116583         16251.5               0    -1.21266e-12               0         339.161 
       0.122718         14681.1               0     3.88051e-11               0         658.959 
       0.128854         13136.5               0    -1.90994e-11               0         -1289.1 
        0.13499         12700.4               0     2.66785e-11               0         98.9784 
       0.141126         12210.5               0    -1.39456e-11               0        -367.865 
       0.147262         10955.6               0     1.21266e-11               0         215.233 
       0.153398         10425.9               0     2.42532e-12               0         453.255 
       0.159534         9911.22               0     4.24431e-11               0         1038.75 
        0.16567          9237.9               0     1.51582e-11               0         327.563 
       0.171806         9271.19               0    -1.81899e-11               0        -383.203 
       0.177942         8403.72               0    -2.00089e-11               0         921.119 
       0.184078         8106.61               0     3.09228e-11               0         359.202 
       0.190214         7734.74               0      2.0312e-11               0         281.334 
        0.19635         7320.56               0    -5.48728e-11               0         708.935 
       0.202485         6954.67               0     1.87962e-11               0          13.753 
       0.208621         6497.03               0     1.00044e-11               0         830.042 
       0.214757         6271.51               0     3.03165e-12               0         556.015 
       0.220893         6001.46               0    -3.60766e-11               0        -36.1427 
       0.227029         5869.04               0    -1.63709e-11               0         582.975 
       0.233165         5541.29               0     3.33481e-12               0         208.056 
       0.239301         5372.77               0     1.57646e-11               0         266.666 
       0.245437         5204.59               0     2.45564e-11               0         665.636 
       0.251573         4809.93               0    -8.10966e-11               0          559.27 
       0.257709         4624.47               0    -1.27329e-11               0         43.3109 
       0.263845         4542.44               0    -2.98617e-11               0         189.121 
       0.269981          4395.7               0    -2.00089e-11               0         705.424 
       0.276117         4209.82               0     7.42754e-12               0         8.45009 
       0.282252         4064.46               0    -9.39811e-12               0         370.636 
       0.288388         3885.46               0    -4.39589e-12               0         267.655 
       0.294524         3780.48               0    -8.18545e-12               0         572.164 
        0.30066         3643.05               0     6.97279e-12               0         605.725 
       0.306796         3521.38               0    -1.34908e-11               0         375.438 
       0.312932         3436.41               0     1.81899e-12               0         339.093 
       0.319068         3243.48               0    -3.47124e-11               0         537.382 
       0.325204         3186.91               0     4.09273e-12               0         524.356 
        0.33134         3165.01               0     8.62504e-11               0          353.59 
       0.337476         2957.89               0               0               0         359.275 
       0.343612         2853.02               0    -1.77351e-11               0         398.909 
       0.349748         2755.71               0    -1.51582e-12               0          250.79 
       0.355884         2679.77               0    -4.39589e-11               0          275.22 
       0.362019         2655.15               0     3.06197e-11               0         651.424 
       0.368155         2542.76               0    -4.09273e-11               0         504.842 
       0.374291         2476.91               0     1.57646e-11               0         288.212 
       0.380427         2439.27               0     1.25813e-11               0         382.577 
       0.386563         2278.22               0    -2.37984e-11               0         339.092 
       0.392699         2265.08               0    -1.39456e-11               0         440.797 
       0.398835         2238.02               0    -3.07712e-11               0         226.901 
       0.404971         2135.31               0     2.68301e-11               0          568.33 
       0.411107         2020.04               0     1.89478e-11               0         268.991 
       0.417243         1984.93               0     4.07757e-11               0         337.326 
       0.423379         1959.03               0     6.66963e-12               0         374.499 
       0.429515         1964.89               0    -3.36513e-11               0         466.631 
       0.435651         1934.88               0     -6.0633e-12               0         424.117 
       0.441786         1781.41               0    -5.10833e-11               0         367.163 
       0.447922         1752.62               0    -4.80516e-11               0         389.033 
       0.454058         1721.83               0     1.33393e-11               0         358.581 
       0.460194         1664.96               0     3.24386e-11               0         374.002 
        0.46633         1691.83               0    -7.51849e-11               0          460.87 
       0.472466         1616.75               0     5.91172e-12               0         564.538 
       0.478602            1529               0    -3.94114e-12               0         478.908 
       0.484738         1522.88               0     1.90994e-11               0         375.118 
       0.490874         1518.08               0    -2.22826e-11               0         443.805 
        0.49701         1484.56               0     4.54747e-13               0         341.205 
       0.503146         1391.72               0     7.57912e-13               0         263.066 
       0.509282          1430.5               0    -1.48551e-11               0         459.779 
       0.515418         1355.78               0    -2.27374e-12               0          471.66 
       0.521553         1337.52               0     5.45697e-12               0         512.859 
       0.527689         1318.34               0    -5.94203e-11               0         388.076 
       0.533825         1263.04               0    -2.81943e-11               0         467.913 
       0.539961          1253.7               0     3.51671e-11               0         352.872 
       0.546097         1209.47               0    -2.24342e-11               0         380.213 
       0.552233         1198.68               0    -7.27596e-12               0         425.776 
       0.558369         1144.09               0    -3.80472e-11               0         406.159 
       0.564505         1135.43               0     5.01738e-11               0         460.374 
       0.570641          1104.1               0     1.04592e-11               0         448.219 
       0.576777         1095.69               0     1.36424e-11               0         321.993 
       0.582913         1091.77               0     1.39456e-11               0         445.573 
       0.589049         1028.33               0    -4.85822e-11               0          441.96 
       0.595185         1004.97               0    -1.13687e-11               0          491.04 
        0.60132         1010.32               0      4.3201e-12               0         416.473 
       0.607456         985.006               0    -7.50333e-12               0         437.153 
       0.613592         946.535               0     3.03165e-13               0         445.912 
       0.619728         946.863               0    -1.16718e-11               0         406.104 
       0.625864         919.297               0      -2.251e-11               0         437.379 
          0.632         922.308               0    -1.49309e-11               0          454.19 
       0.638136         899.602               0     1.33393e-11               0         445.392 
       0.644272         858.439               0    -1.53856e-11               0         372.904 
       0.650408         849.516               0    -1.83415e-11               0         370.672 
       0.656544         824.251               0     3.81988e-11               0         420.361 
        0.66268         806.748               0     -1.0535e-11               0         389.155 
       0.668816         788.101               0    -1.17476e-11               0         431.433 
       0.674952         786.811               0     1.57646e-11               0         369.929 
       0.681087          769.64               0    -1.59162e-12               0         452.795 
       0.687223         765.988               0     8.48862e-12               0         411.562 
       0.693359         748.931               0      1.7432e-12               0         376.789 
       0.699495         733.149               0    -4.39589e-12               0         430.657 
       0.705631         725.538               0    -2.31163e-11               0           413.4 
       0.711767         693.365               0    -1.57646e-11               0         429.203 
       0.717903          692.82               0     1.14445e-11               0         400.608 
       0.724039         668.447               0     8.18545e-12               0         387.894 
       0.730175         665.187               0     9.09495e-13               0         423.731 
       0.736311         670.183               0     9.09495e-12               0         376.964 
       0.742447          648.81               0     2.27374e-12               0         459.017 
       0.748583         628.995               0    -1.08381e-11               0         411.968 
       0.754719          628.69               0    -2.47079e-11               0         396.581 
       0.760854         602.282               0     3.75924e-11               0         388.848 
        0.76699         575.792               0    -3.87293e-11               0         410.308 
       0.773126         584.671               0    -4.03209e-11               0          427.18 
       0.779262          590.67               0    -4.44894e-11               0         406.081 
       0.785398         578.952               0     5.76013e-12               0         437.675 
       0.791534         561.984               0     1.78867e-11               0         364.563 
        0.79767         556.107               0    -9.32232e-12               0         384.881 
       0.803806         548.596               0    -7.20017e-12               0         422.323 
       0.809942         517.141               0       6.897e-12               0          356.68 
       0.816078         524.821               0     4.13062e-11               0         403.518 
       0.822214         513.536               0    -3.33481e-12               0          411.76 
        0.82835         501.409               0    -2.41774e-11               0         368.887 
       0.834486         493.937               0    -6.59384e-12               0         387.114 
       0.840621         499.465               0    -3.75924e-11               0         382.541 
       0.846757         471.061               0     5.83592e-12               0         371.157 
       0.852893         464.656               0    -1.13687e-12               0         348.747 
       0.859029         477.595               0     3.78956e-12               0         387.659 
       0.865165         464.218               0    -3.86535e-12               0         443.928 
       0.871301          453.88               0     8.94336e-12               0         369.267 
       0.877437         443.655               0    -4.66874e-11               0          372.65 
       0.883573         419.688               0    -3.63798e-11               0         339.593 
       0.889709         416.613               0     9.39811e-12               0         430.547 
       0.895845          439.98               0     1.12171e-11               0         423.266 
       0.901981         395.957               0     1.59919e-11               0         364.517 
       0.908117          391.42               0     1.13687e-11               0         374.504 
       0.914253         394.771               0     7.04858e-12               0         398.461 
       0.920388         388.678               0     6.74542e-12               0         374.402 
       0.926524         397.386               0     -1.4173e-11               0         341.333 
        0.93266         376.571               0    -3.63798e-12               0         371.595 
       0.938796         386.447               0      3.4485e-11               0         383.593 
       0.944932         370.172               0    -4.03209e-11               0         341.273 
       0.951068         358.453               0     2.33437e-11               0         380.904 
       0.957204         365.893               0    -1.11413e-11               0         364.482 
        0.96334         357.248               0     -2.0312e-11               0         360.859 
       0.969476         337.961               0    -1.14445e-11               0         315.613 
       0.975612         350.621               0     9.24653e-12               0         409.803 
       0.981748         345.523               0    -4.47168e-12               0         328.987 
       0.987884         332.752               0     1.75078e-11               0          327.84 
        0.99402         316.103               0     5.45697e-12               0         351.837 
        1.00016          316.99               0     2.34195e-11               0         371.823 
        1.00629         314.797               0     2.27374e-13               0         361.086 
        1.01243         304.692               0     -8.6402e-12               0         333.066 
        1.01856         317.171               0    -4.85064e-12               0         378.842 
         1.0247         324.928               0     1.75078e-11               0         396.009 
        1.03084         306.146               0    -8.56441e-12               0         354.211 
        1.03697         310.976               0    -8.86757e-12               0         295.325 
        1.04311         300.995               0     3.71377e-12               0         344.859 
        1.04924         283.076               0    -1.63709e-11               0         381.982 
        1.05538         292.298               0     2.88007e-12               0         312.807 
        1.06151         284.946               0    -1.90236e-11               0         308.564 
        1.06765         268.569               0    -7.88229e-12               0         329.986 
        1.07379         280.242               0     2.08426e-11               0         363.747 
        1.07992         274.031               0    -2.66785e-11               0         319.686 
        1.08606         265.791               0     2.82701e-11               0         339.647 
        1.09219         268.986               0    -2.68301e-11               0         345.513 
        1.09833         266.486               0    -7.42754e-12               0         350.873 
        1.10447         273.007               0    -5.38118e-12               0         312.443 
         1.1106         255.643               0     1.89478e-12               0         306.986 
        1.11674         250.092               0     4.57779e-11               0         345.797 
        1.12287         262.759               0     1.97057e-11               0         307.106 
        1.12901         246.277               0      4.3201e-12               0         297.552 
        1.13515           236.2               0     1.81141e-11               0         283.094 
        1.14128         228.683               0     3.16807e-11               0          307.35 
        1.14742         238.574               0    -2.55416e-11               0         299.426 
        1.15355         236.717               0    -1.31877e-11               0         327.065 
        1.15969         228.183               0     -8.6402e-12               0         322.569 
        1.16583         236.964               0       6.897e-12               0          303.21 
        1.17196         221.948               0    -1.59162e-12               0         284.367 
         1.1781         221.336               0     3.03165e-13               0         299.804 
        1.18423         217.476               0     3.78956e-12               0         311.177 
        1.19037         227.606               0    -3.56219e-12               0         288.872 
        1.19651         219.012               0    -1.94783e-11               0          265.77 
        1.20264         209.887               0     3.03165e-12               0          306.76 
        1.20878         207.613               0     1.97057e-11               0         303.783 
        1.21491         207.631               0    -6.59384e-12               0         289.023 
        1.22105         204.674               0     6.82121e-13               0         294.213 
        1.22718         197.287               0    -2.56932e-11               0         295.148 
        1.23332         204.109               0     -4.2822e-11               0         287.146 
        1.23946         202.301               0     1.37182e-11               0         266.903 
        1.24559         191.695               0     9.24653e-12               0         295.813 
        1.25173         193.994               0    -6.13909e-12               0         276.485 
        1.25786         200.526               0     4.54747e-12               0         254.395 
          1.264         192.399               0     3.75167e-11               0         287.927 
        1.27014         183.997               0    -1.47035e-11               0         285.892 
        1.27627         190.436               0     5.91172e-12               0          292.27 
        1.28241         185.683               0    -2.95586e-12               0         263.909 
        1.28854         177.519               0     2.16763e-11               0         270.938 
        1.29468          176.65               0     1.02318e-11               0           277.7 
        1.30082         187.195               0    -1.32635e-11               0         279.079 
        1.30695         179.624               0     3.78956e-12               0         288.513 
        1.31309         168.141               0     1.59162e-11               0         240.587 
        1.31922         178.809               0    -7.57912e-14               0         288.818 
        1.32536         174.196               0    -4.92643e-12               0         244.486 
         1.3315         159.278               0     3.41061e-12               0         275.854 
        1.33763         174.511               0    -3.28934e-11               0         272.682 
        1.34377         166.405               0    -1.43245e-11               0         254.112 
         1.3499         172.241               0     5.22959e-12               0           284.8 
        1.35604         172.291               0      1.3415e-11               0         272.064 
        1.36217         164.079               0    -1.06108e-12               0         260.501 
        1.36831         159.632               0     1.68257e-11               0         271.688 
        1.37445         158.676               0    -1.24298e-11               0         266.465 
        1.38058         154.049               0     3.10744e-12               0         250.843 
        1.38672         159.131               0     2.03878e-11               0           251.8 
        1.39285         158.912               0    -3.96388e-11               0         252.076 
        1.39899         152.045               0    -9.09495e-13               0         254.482 
        1.40513         160.348               0    -3.85019e-11               0         247.721 
        1.41126         142.624               0     1.47035e-11               0         260.764 
         1.4174         150.036               0    -1.25056e-11               0         282.391 
        1.42353         147.258               0    -2.71333e-11               0         234.763 
        1.42967         141.973               0      2.9786e-11               0          253.19 
        1.43581         152.345               0     9.70128e-12               0         225.524 
        1.44194         143.603               0     -1.0535e-11               0         262.673 
        1.44808         145.187               0    -2.34953e-12               0         236.795 
        1.45421         144.416               0     1.00044e-11               0         237.313 
        1.46035         145.975               0     1.43245e-11               0         224.918 
        1.46649         146.517               0     2.69817e-11               0          254.47 
        1.47262         132.252               0    -3.56219e-12               0         228.999 
        1.47876         133.135               0    -3.10744e-12               0         210.947 
        1.48489         138.212               0    -4.06241e-11               0         253.699 
        1.49103         120.415               0    -9.39811e-12               0         215.387 
        1.49717         132.046               0     4.92643e-12               0         239.406 
         1.5033         122.919               0    -1.51582e-13               0         242.364 
        1.50944         134.996               0     2.85733e-11               0          249.36 
        1.51557         128.446               0    -1.67499e-11               0         211.947 
        1.52171         128.575               0    -1.35666e-11               0         206.017 
        1.52784         121.825               0    -6.13909e-12               0         242.643 
        1.53398         117.652               0     3.18323e-11               0         196.155 
        1.54012         126.193               0     1.24298e-11               0         218.207 
        1.54625         121.317               0    -2.53143e-11               0         225.123 
        1.55239         126.307               0    -2.34953e-12               0         216.595 
        1.55852         116.725               0     1.89478e-12               0         191.796 
        1.56466         119.234               0    -2.27374e-12               0         244.294 
         1.5708         124.725               0     -4.3201e-12               0         219.789 
        1.57693         118.882               0     1.40972e-11               0         226.082 
        1.58307         126.247               0     5.07801e-12               0         215.712 
         1.5892         113.873               0     9.85286e-13               0         205.057 
        1.59534         112.969               0      9.4739e-12               0         179.735 
        1.60148         123.319               0     5.91172e-12               0         220.449 
        1.60761         117.857               0    -1.09139e-11               0         197.001 
        1.61375         115.225               0    -1.90994e-11               0         226.631 
        1.61988          113.33               0     2.18279e-11               0         222.009 
        1.62602         120.215               0      6.0633e-12               0         196.864 
        1.63216         107.377               0     3.28934e-11               0         227.788 
        1.63829         115.113               0     2.72848e-12               0         193.635 
        1.64443         105.795               0     1.75078e-11               0         215.885 
        1.65056         108.404               0     9.85286e-13               0         205.985 
         1.6567         106.734               0      1.9251e-11               0         194.382 
        1.66284          111.65               0     2.68301e-11               0         212.979 
        1.66897         116.447               0     2.27374e-11               0         221.985 
        1.67511          101.71               0    -3.78956e-13               0         199.679 
        1.68124         103.737               0    -2.75122e-11               0         211.693 
        1.68738         110.233               0     1.00802e-11               0         194.376 
        1.69351         103.142               0    -3.64556e-11               0         221.738 
        1.69965         103.734               0    -1.79625e-11               0         177.471 
        1.70579         99.5863               0     1.04592e-11               0         202.406 
        1.71192         98.1971               0     -1.2354e-11               0         180.963 
        1.71806         95.6136               0    -8.48862e-12               0         184.642 
        1.72419         94.2164               0    -3.21355e-11               0         205.155 
        1.73033         96.7712               0     1.25813e-11               0         204.657 
        1.73647         96.5666               0     4.22157e-11               0         180.699 
         1.7426         95.5428               0     1.46277e-11               0         181.089 
        1.74874          95.081               0    -2.66785e-11               0         171.784 
        1.75487         98.7015               0      1.0156e-11               0         200.222 
        1.76101         94.3709               0    -4.12304e-11               0         180.589 
        1.76715         98.7588               0    -3.02407e-11               0         179.106 
        1.77328         92.8433               0     1.02318e-11               0         185.923 
        1.77942         93.7285               0    -6.74542e-12               0         181.309 
        1.78555         98.2927               0     9.85286e-13               0         209.591 
        1.79169         89.4913               0    -1.06866e-11               0         166.148 
        1.79783         90.9373               0    -1.06108e-12               0         177.924 
        1.80396         95.4423               0    -1.39456e-11               0         189.037 
         1.8101          88.691               0     -9.4739e-12               0         185.024 
        1.81623         87.2315               0     2.74364e-11               0         141.245 
        1.82237         82.9146               0    -4.77485e-12               0         178.064 
        1.82851         96.2747               0     1.39456e-11               0         178.069 
        1.83464         88.3869               0     3.49398e-11               0         169.161 
        1.84078         87.3828               0     1.53098e-11               0          181.26 
        1.84691         87.9058               0    -6.97279e-12               0         178.993 
        1.85305         84.9201               0    -1.42488e-11               0         174.397 
        1.85918         96.5585               0     1.13687e-12               0         159.758 
        1.86532         78.2432               0     1.20508e-11               0         162.996 
        1.87146         81.0184               0    -2.72848e-12               0         176.202 
        1.87759         79.9519               0       2.395e-11               0         184.176 
        1.88373         82.7651               0     7.89745e-11               0         177.991 
        1.88986         87.6591               0    -3.50913e-11               0         169.797 
          1.896         81.4232               0     9.92865e-12               0         191.966 
        1.90214         87.0419               0    -6.66963e-12               0         165.638 
        1.90827         84.2315               0     2.19795e-12               0         159.068 
        1.91441         79.6359               0    -2.31163e-11               0         168.058 
        1.92054         78.0335               0    -3.25902e-12               0         172.967 
        1.92668         84.8085               0     1.06108e-11               0         155.223 
        1.93282         88.8178               0    -3.25902e-12               0         150.771 
        1.93895         84.4801               0    -5.30539e-13               0         148.643 
        1.94509         78.5173               0      -4.358e-11               0         166.807 
        1.95122         78.8522               0     1.17476e-11               0         161.478 
        1.95736          79.601               0    -1.81899e-12               0          129.59 
         1.9635          76.884               0    -1.86446e-11               0         164.732 
        1.96963         80.3492               0     3.40303e-11               0         155.751 
        1.97577         77.3798               0     1.06108e-12               0         158.756 
         1.9819         82.4803               0     1.59919e-11               0         138.939 
        1.98804         78.9419               0     4.22915e-11               0         175.199 
        1.99418         80.2674               0     3.60766e-11               0         141.985 
        2.00031         74.2749               0     5.30539e-13               0         155.295 
        2.00645         74.4921               0     5.53276e-12               0         149.293 
        2.01258         77.1322               0       6.897e-12               0         147.325 
        2.01872          78.651               0    -3.18323e-12               0         150.657 
        2.02485         74.4136               0     7.12438e-12               0         137.164 
        2.03099         78.7224               0     3.00891e-11               0         159.681 
        2.03713         67.1618               0    -6.74542e-12               0         150.407 
        2.04326         75.6737               0    -1.15203e-11               0         151.239 
         2.0494         65.9219               0    -9.85286e-12               0         152.469 
        2.05553         70.4635               0    -1.45519e-11               0         137.169 
        2.06167         66.6666               0    -3.81988e-11               0         156.827 
        2.06781         80.5292               0    -2.56932e-11               0         146.181 
        2.07394         66.9654               0     4.80516e-11               0          141.48 
        2.08008         73.1229               0    -1.89478e-12               0         155.591 
        2.08621         70.6727               0     1.99331e-11               0         147.173 
        2.09235         73.2796               0     3.18323e-12               0         136.207 
        2.09849         70.2379               0    -2.77396e-11               0          131.09 
        2.10462         76.0166               0    -2.03878e-11               0         152.642 
        2.11076         69.1261               0     2.95586e-12               0         150.815 
        2.11689         69.5416               0     1.66741e-11               0         123.643 
        2.12303         72.1121               0     2.40258e-11               0          144.36 
        2.12917         73.8584               0     1.25056e-11               0         140.563 
         2.1353         68.6466               0    -8.33703e-12               0         134.992 
        2.14144         72.5049               0     1.28845e-12               0          139.77 
        2.14757         69.6811               0     -1.7053e-11               0         144.566 
        2.15371         67.2477               0     8.71599e-12               0         144.096 
        2.15984         71.4173               0    -6.16941e-11               0         134.063 
        2.16598         64.9925               0     1.47793e-11               0         138.427 
        2.17212         71.9518               0    -1.84173e-11               0         140.377 
        2.17825         64.6608               0    -1.81899e-12               0         127.072 
        2.18439         69.6256               0    -1.15961e-11               0         134.204 
        2.19052         73.6685               0    -1.29603e-11               0         132.785 
        2.19666         65.3944               0    -3.44092e-11               0         146.023 
         2.2028         67.4606               0    -4.59295e-11               0         122.574 
        2.20893         65.1809               0      2.9028e-11               0         140.236 
        2.21507          64.593               0    -3.07712e-11               0         125.236 
         2.2212         62.2534               0     1.87962e-11               0         130.012 
        2.22734         68.1604               0    -3.35755e-11               0         119.115 
        2.23348         62.4072               0     2.04636e-11               0         137.469 
        2.23961         65.3843               0     5.07801e-12               0          123.09 
        2.24575         66.8773               0     1.80383e-11               0         126.032 
        2.25188         61.9683               0     1.36424e-12               0         128.849 
        2.25802         65.8447               0     2.04636e-11               0         150.316 
        2.26416         65.1852               0     3.60766e-11               0         133.312 
        2.27029          64.935               0    -3.94114e-12               0         128.134 
        2.27643         61.8894               0    -1.57646e-11               0         113.766 
        2.28256         65.2196               0     -6.0633e-13               0         112.979 
         2.2887         61.2948               0    -5.68434e-12               0         126.836 
        2.29484         65.7065               0     2.13731e-11               0         123.552 
        2.30097         62.1868               0     1.55372e-11               0         133.536 
        2.30711         62.9097               0    -2.75122e-11               0         140.582 
        2.31324         60.5343               0    -2.53901e-11               0         123.173 
        2.31938            59.4               0     1.78867e-11               0         119.488 
        2.32551         63.8311               0    -6.51805e-12               0          127.93 
        2.33165         62.0332               0    -3.51671e-11               0         130.018 
        2.33779         59.9761               0     1.81899e-12               0         114.496 
        2.34392         61.4453               0    -7.57912e-13               0         123.273 
        2.35006         60.8936               0    -1.64467e-11               0           95.37 
        2.35619         60.3121               0     3.03923e-11               0         109.795 
        2.36233         62.5939               0      8.6402e-12               0         113.113 
        2.36847         61.4729               0     -6.0633e-13               0         121.273 
         2.3746         63.8061               0    -5.98751e-12               0         119.003 
        2.38074         59.5023               0    -1.06108e-11               0         96.3239 
        2.38687          56.946               0    -1.81899e-11               0         129.809 
        2.39301         58.9835               0     -9.4739e-12               0         111.282 
        2.39915         62.5282               0    -2.70575e-11               0         115.573 
        2.40528         58.4905               0     -7.7307e-12               0         129.132 
        2.41142          59.473               0    -1.27329e-11               0         121.026 
        2.41755         59.1623               0    -6.16183e-11               0          107.63 
        2.42369         56.2949               0     1.37182e-11               0         113.042 
        2.42983         60.3189               0    -7.88229e-12               0         89.9013 
        2.43596         59.0889               0     2.04636e-12               0         99.7284 
         2.4421         63.0519               0     1.45519e-11               0         126.604 
        2.44823         62.5674               0     1.08381e-11               0         116.487 
        2.45437         57.6049               0     1.43245e-11               0         108.648 
        2.46051         56.4568               0     6.82121e-13               0         117.973 
        2.46664         58.0647               0     4.39589e-12               0         112.606 
        2.47278         63.8421               0    -2.91038e-11               0         104.231 
        2.47891         56.2349               0     2.19795e-11               0         98.9216 
        2.48505         59.2749               0     1.07624e-11               0         105.149 
        2.49118         59.2713               0    -7.35175e-12               0         112.122 
        2.49732         56.7498               0    -1.87962e-11               0         98.5594 
        2.50346         59.1837               0     9.85286e-13               0         106.987 
        2.50959         54.0935               0     1.87204e-11               0         109.707 
        2.51573         60.9958               0     3.63798e-12               0         113.193 
        2.52186         60.8968               0     1.51582e-13               0         106.144 
          2.528         55.7371               0     9.09495e-12               0         102.402 
        2.53414         52.1802               0    -8.56441e-12               0          97.324 
        2.54027         55.8074               0     5.45697e-12               0         99.3097 
        2.54641         59.1613               0     3.18323e-12               0         88.1961 
        2.55254         55.0513               0    -2.47079e-11               0         97.8714 
        2.55868         57.6013               0    -6.59384e-12               0         95.5269 
        2.56482         55.1159               0     1.95541e-11               0         115.233 
        2.57095         58.3187               0      6.0633e-13               0         78.1048 
        2.57709          58.573               0    -1.21266e-12               0         97.9637 
        2.58322         56.8735               0     -1.2354e-11               0         110.255 
        2.58936         55.8038               0    -1.96299e-11               0         94.1651 
         2.5955         51.1143               0    -2.42532e-12               0         107.256 
        2.60163         58.0568               0     6.59384e-12               0         117.714 
        2.60777         50.4776               0     5.60855e-12               0         104.494 
         2.6139         50.8017               0    -1.45519e-11               0         95.1478 
        2.62004          55.943               0    -1.30361e-11               0         104.015 
        2.62618         57.7173               0     1.71288e-11               0         107.842 
        2.63231         60.9625               0     1.29603e-11               0         95.3485 
        2.63845         59.9441               0     4.39589e-12               0         94.5818 
        2.64458         58.1234               0    -2.52385e-11               0         95.0413 
        2.65072         53.2046               0    -4.16852e-12               0         102.147 
        2.65685         53.6157               0     3.18323e-12               0         107.956 
        2.66299         55.7813               0    -5.30539e-12               0         93.6029 
        2.66913         58.8494               0    -2.18279e-11               0         106.678 
        2.67526         49.7442               0     6.82121e-13               0         89.3592 
         2.6814         53.9907               0     1.81141e-11               0          91.219 
        2.68753         54.8344               0      7.7307e-12               0         109.163 
        2.69367         54.1705               0     1.17476e-11               0         71.0443 
        2.69981          56.721               0      -2.107e-11               0         107.632 
        2.70594         63.4077               0     -1.1975e-11               0         89.4264 
        2.71208         61.8855               0    -4.92643e-11               0         108.774 
        2.71821         61.5298               0     2.07668e-11               0           100.6 
        2.72435         55.4008               0    -1.30361e-11               0         103.399 
        2.73049         52.7741               0    -8.33703e-13               0         90.1566 
        2.73662         58.4169               0    -2.03878e-11               0         90.5585 
        2.74276         53.8362               0    -8.26124e-12               0         94.5009 
        2.74889         56.6039               0     1.16718e-11               0         90.9729 
        2.75503         62.0588               0    -4.85064e-12               0         98.2522 
        2.76117         58.6121               0     3.83504e-11               0         93.8907 
         2.7673         58.3102               0      2.6148e-11               0          95.628 
        2.77344          59.197               0    -2.64511e-11               0         104.129 
        2.77957         54.4628               0    -4.25947e-11               0         93.2425 
        2.78571         56.7437               0    -1.89478e-12               0         102.317 
        2.79185         59.7779               0    -2.58448e-11               0         88.6445 
        2.79798         54.3238               0     5.68434e-12               0         85.7596 
        2.80412         60.9966               0     1.43245e-11               0         95.7679 
        2.81025         57.9401               0    -1.22024e-11               0         97.6221 
        2.81639         53.7251               0     2.07668e-11               0         94.4253 
        2.82252         61.5838               0    -1.57646e-11               0         84.5785 
        2.82866         58.5846               0     2.53901e-11               0         78.8694 
         2.8348         53.0443               0     2.53901e-11               0         100.446 
        2.84093         62.2561               0     3.78956e-12               0          103.88 
        2.84707         60.1093               0    -9.62549e-12               0         95.0718 
         2.8532         57.4197               0     6.82121e-13               0         93.5457 
        2.85934         64.3272               0     3.24386e-11               0         92.5371 
        2.86548         60.2454               0    -9.85286e-12               0         98.7679 
        2.87161         59.5791               0    -2.74364e-11               0         88.7465 
        2.87775         53.5615               0    -2.59206e-11               0         81.2821 
        2.88388         54.4337               0    -2.33437e-11               0         95.6251 
        2.89002         56.4845               0     -1.2354e-11               0         91.6077 
        2.89616         58.7296               0    -3.33481e-12               0         86.3782 
        2.90229         54.5618               0     2.33437e-11               0         93.8548 
        2.90843         61.8466               0    -1.50825e-11               0         86.9545 
        2.91456         58.2594               0    -2.22826e-11               0         80.9727 
         2.9207         61.1745               0    -6.82121e-12               0         88.7876 
        2.92684         65.4443               0    -1.84931e-11               0         78.7761 
        2.93297         56.3535               0    -6.51805e-12               0         89.4999 
        2.93911          56.103               0      1.7432e-12               0         87.3364 
        2.94524         60.8952               0    -5.68434e-12               0         79.6769 
        2.95138         58.1938               0    -1.63709e-11               0         100.413 
        2.95751         62.0232               0    -1.28845e-11               0         78.7763 
        2.96365         58.1091               0     3.56977e-11               0          73.991 
        2.96979         61.4248               0    -2.50111e-11               0         102.116 
        2.97592         60.9091               0    -2.75122e-11               0         95.0575 
        2.98206         61.5792               0    -1.02318e-11               0         86.5932 
        2.98819         60.9981               0     3.18323e-12               0         92.2884 
        2.99433         58.1427               0    -2.83459e-11               0         89.7367 
        3.00047         62.6455               0     1.21266e-12               0         90.2766 
         3.0066         58.9761               0    -1.40972e-11               0         90.3921 
        3.01274         62.5849               0     2.84217e-11               0          94.849 
        3.01887         62.9609               0    -7.35175e-12               0         80.0439 
        3.02501         64.8965               0    -3.73651e-11               0         80.6661 
        3.03115         63.5685               0     2.56932e-11               0         73.3905 
        3.03728         64.0569               0     -4.3201e-12               0         98.5345 
        3.04342         60.1687               0    -5.30539e-12               0         80.9888 
        3.04955         63.3849               0     1.35666e-11               0         83.7941 
        3.05569          63.365               0    -2.23584e-11               0         92.7288 
        3.06183         65.2552               0    -3.78956e-11               0         76.4342 
        3.06796         60.9461               0    -1.21266e-11               0         82.3135 
         3.0741         57.4889               0      4.3201e-12               0         78.8691 
        3.08023         64.3506               0     1.59162e-11               0         74.1438 
        3.08637         62.1933               0    -6.54836e-11               0         82.7273 
        3.09251         62.2252               0    -1.17476e-11               0         75.2613 
        3.09864         68.0564               0    -9.09495e-12               0         84.3236 
        3.10478         68.6843               0     2.50869e-11               0         79.9032 
        3.11091         68.9111               0     5.76013e-12               0         90.0317 
        3.11705         60.0272               0    -1.03834e-11               0         77.8351 
        3.12318         67.8877               0     1.29603e-11               0          83.656 
        3.12932         68.8195               0    -1.28845e-12               0          80.086 
        3.13546         70.9812               0     -6.0254e-11               0         77.8611 
        3.14159         64.3414               0     -6.0633e-12               0         40.7894 

Running compute_power_spectrum_multipoles (from particles)
     0.00613592         81096.5               0           10537               0          -11609 
      0.0122718         81469.2               0          -21051               0        -9593.33 
      0.0184078          118073               0        -9014.09               0         54621.9 
      0.0245437         84227.4               0        -8868.51               0        -21656.6 
      0.0306796           76216               0        -19658.9               0        -3216.71 
      0.0368155         59359.1               0        -12122.7               0        -16338.9 
      0.0429515         45164.6               0          -13975               0        -1534.99 
      0.0490874         41579.3               0        -11094.1               0         -2073.7 
      0.0552233         36143.1               0        -8489.23               0        -813.191 
      0.0613592         35789.9               0        -8503.15               0           12896 
      0.0674952         33286.3               0        -6103.92               0        -481.262 
      0.0736311         32005.1               0        -7360.75               0        -3978.13 
       0.079767         28743.6               0        -6459.69               0         133.243 
      0.0859029         23705.7               0        -5277.48               0         -1407.2 
      0.0920388         23387.8               0        -6462.71               0         1498.83 
      0.0981748         20043.2               0         -3150.9               0         226.554 
       0.104311         17547.8               0         -2244.5               0         2376.23 
       0.110447         16572.6               0        -4976.35               0         298.654 
       0.116583         16251.6               0        -2349.23               0        -481.825 
       0.122718         14681.2               0        -2175.65               0         694.205 
       0.128854         13136.5               0        -2839.68               0        -820.441 
        0.13499         12700.2               0        -1170.77               0        -239.929 
       0.141126         12210.4               0        -1405.28               0        -1040.94 
       0.147262         10955.7               0         -1377.3               0        -421.177 
       0.153398         10425.9               0        -1545.26               0        -516.602 
       0.159534         9911.33               0        -1223.54               0         884.193 
        0.16567         9237.94               0        -1017.18               0         147.688 
       0.171806         9271.21               0        -758.155               0        -914.291 
       0.177942         8403.74               0        -897.982               0         596.972 
       0.184078         8106.72               0        -1172.14               0         228.047 
       0.190214         7734.67               0        -532.011               0        -83.7871 
        0.19635         7320.48               0        -761.068               0         477.721 
       0.202485         6954.66               0        -939.328               0          22.357 
       0.208621         6497.13               0        -889.716               0         629.917 
       0.214757         6271.63               0        -500.468               0          811.01 
       0.220893          6001.4               0        -658.735               0         -492.32 
       0.227029         5869.11               0        -604.184               0         672.812 
       0.233165         5541.35               0        -760.912               0        -266.568 
       0.239301         5372.66               0        -646.041               0          64.373 
       0.245437         5204.72               0        -586.064               0         261.647 
       0.251573         4809.89               0        -199.522               0         735.943 
       0.257709         4624.42               0        -429.686               0        -113.927 
       0.263845         4542.37               0        -451.606               0        -21.1273 
       0.269981         4395.62               0        -425.696               0         524.954 
       0.276117         4210.04               0        -423.578               0         17.7488 
       0.282252         4064.71               0        -189.169               0         128.811 
       0.288388         3885.49               0         56.9531               0         33.4023 
       0.294524         3780.57               0         -177.02               0         533.667 
        0.30066         3642.98               0        -211.725               0         553.889 
       0.306796         3521.48               0         45.3491               0         300.909 
       0.312932         3436.43               0        -48.6943               0         108.206 
       0.319068         3243.34               0         108.288               0         437.044 
       0.325204         3186.99               0         107.043               0         544.449 
        0.33134         3165.09               0           40.12               0         250.877 
       0.337476         2958.03               0         157.734               0         73.3843 
       0.343612         2852.61               0        -2.96532               0         356.167 
       0.349748         2755.61               0        -30.2567               0         223.894 
       0.355884         2679.78               0         202.417               0         133.403 
       0.362019          2655.3               0          103.72               0         528.434 
       0.368155          2542.6               0         192.872               0         458.864 
       0.374291         2476.79               0          296.71               0         127.854 
       0.380427          2439.2               0         180.626               0         194.174 
       0.386563         2278.37               0         132.945               0         231.475 
       0.392699         2265.29               0         266.145               0          358.08 
       0.398835         2238.14               0          56.222               0        -45.5473 
       0.404971         2135.05               0         353.408               0         483.562 
       0.411107         2019.97               0         207.703               0         115.763 
       0.417243         1985.04               0         263.652               0         205.012 
       0.423379         1959.01               0         131.085               0         249.537 
       0.429515         1964.84               0         357.238               0         370.563 
       0.435651         1934.71               0         125.456               0         271.495 
       0.441786         1781.59               0         268.365               0         242.762 
       0.447922         1752.72               0          155.28               0         187.033 
       0.454058         1721.82               0         278.896               0         218.365 
       0.460194         1664.92               0         254.103               0         212.738 
        0.46633         1691.49               0         255.622               0         378.578 
       0.472466         1616.86               0         321.022               0         502.134 
       0.478602         1528.93               0         215.348               0         301.495 
       0.484738         1522.87               0         215.645               0         236.425 
       0.490874          1517.9               0          292.05               0         250.678 
        0.49701         1484.76               0         270.907               0          187.48 
       0.503146         1391.53               0         308.891               0         109.328 
       0.509282          1430.1               0         342.583               0         337.779 
       0.515418         1355.97               0         318.138               0         295.907 
       0.521553         1337.68               0         279.549               0         371.407 
       0.527689         1318.25               0         285.589               0         270.299 
       0.533825         1263.01               0         316.168               0         326.186 
       0.539961         1253.88               0         379.594               0         239.233 
       0.546097         1209.29               0         297.658               0         217.036 
       0.552233         1198.49               0         307.327               0         311.458 
       0.558369         1144.13               0         302.536               0         166.757 
       0.564505         1135.74               0         333.908               0         305.709 
       0.570641         1104.16               0         322.961               0         296.265 
       0.576777         1095.88               0         214.152               0         174.107 
       0.582913         1092.02               0         262.532               0         295.955 
       0.589049         1028.25               0         298.784               0         273.472 
       0.595185         1004.82               0         318.664               0         366.155 
        0.60132         1010.83               0         338.487               0          283.67 
       0.607456         985.259               0         316.346               0         276.663 
       0.613592         946.682               0          284.75               0          316.17 
       0.619728         947.063               0         269.386               0         288.058 
       0.625864         919.535               0         371.381               0         261.054 
          0.632         922.684               0         362.365               0         309.837 
       0.638136         899.672               0         355.122               0          378.25 
       0.644272         858.431               0           310.7               0         263.543 
       0.650408         850.017               0         341.472               0         234.836 
       0.656544         824.657               0         254.211               0         266.016 
        0.66268         806.798               0         283.035               0         287.571 
       0.668816         788.659               0         320.282               0         325.383 
       0.674952         786.897               0         296.937               0         217.202 
       0.681087         769.816               0         324.695               0         317.409 
       0.687223         765.873               0         264.488               0          317.28 
       0.693359         749.325               0         317.676               0         237.454 
       0.699495         733.418               0         248.828               0         291.201 
       0.705631         726.014               0         306.442               0          289.89 
       0.711767         693.578               0         288.578               0         356.113 
       0.717903         692.859               0         300.463               0         307.746 
       0.724039         669.162               0         361.681               0         254.506 
       0.730175         665.565               0         304.314               0          327.32 
       0.736311         670.985               0         263.108               0         204.688 
       0.742447         649.646               0         335.404               0         298.628 
       0.748583         629.408               0         301.328               0         279.267 
       0.754719         629.492               0         238.534               0         288.086 
       0.760854         603.265               0         242.113               0         267.864 
        0.76699          576.55               0         307.635               0          261.65 
       0.773126         585.463               0         269.258               0         319.009 
       0.779262         591.779               0         295.375               0          267.15 
       0.785398         580.304               0         270.006               0         357.239 
       0.791534         562.416               0         300.567               0         222.435 
        0.79767         557.054               0         274.096               0         253.769 
       0.803806         549.548               0         315.579               0         286.127 
       0.809942         518.056               0         322.548               0         209.864 
       0.816078         526.089               0          334.19               0         260.867 
       0.822214         514.076               0         303.713               0          270.29 
        0.82835          502.56               0         233.308               0         219.284 
       0.834486         494.821               0         315.189               0         272.632 
       0.840621         500.744               0         308.745               0         264.306 
       0.846757         472.236               0          277.62               0         245.988 
       0.852893         466.257               0         265.644               0         205.575 
       0.859029         478.152               0         359.275               0         247.038 
       0.865165          465.86               0         282.137               0         300.429 
       0.871301         455.343               0         276.274               0         229.579 
       0.877437         445.191               0         243.887               0         220.309 
       0.883573         421.443               0         271.188               0         243.389 
       0.889709         417.949               0         258.152               0         291.334 
       0.895845         441.539               0         267.223               0         313.769 
       0.901981         397.124               0         212.048               0         214.197 
       0.908117         392.803               0         284.341               0         250.921 
       0.914253         396.002               0         235.789               0         248.893 
       0.920388          390.29               0         241.203               0          235.93 
       0.926524         399.423               0         224.058               0         191.986 
        0.93266         378.228               0         276.744               0         253.593 
       0.938796         388.151               0         238.645               0         256.412 
       0.944932         372.379               0         254.396               0          211.01 
       0.951068         360.113               0         242.686               0         233.295 
       0.957204         367.706               0         257.208               0          227.59 
        0.96334         359.774               0         262.478               0         203.396 
       0.969476         340.205               0         254.223               0         196.128 
       0.975612          353.09               0         255.422               0         283.125 
       0.981748          347.48               0         227.764               0         209.095 
       0.987884         335.291               0         234.786               0         175.938 
        0.99402         318.899               0         266.999               0         238.352 
        1.00016         319.862               0         227.669               0         268.237 
        1.00629         317.295               0         221.579               0         214.855 
        1.01243         307.662               0         218.696               0         211.619 
        1.01856         320.076               0         277.557               0         261.821 
         1.0247          327.06               0         223.039               0         276.845 
        1.03084         309.429               0         261.319               0         232.286 
        1.03697         314.071               0         234.212               0         186.771 
        1.04311         304.316               0         250.505               0         257.635 
        1.04924         287.013               0         217.416               0         307.611 
        1.05538         295.706               0         228.109               0         201.978 
        1.06151         288.039               0         196.411               0         184.523 
        1.06765         272.103               0         205.452               0         203.749 
        1.07379         284.335               0         218.835               0         221.638 
        1.07992         277.801               0          237.82               0         214.153 
        1.08606         269.453               0         214.054               0         233.924 
        1.09219         272.815               0          190.05               0         221.185 
        1.09833         271.258               0         229.509               0         242.392 
        1.10447         277.719               0         247.758               0         185.055 
         1.1106         260.307               0          212.18               0         175.621 
        1.11674         255.308               0         198.239               0         220.797 
        1.12287          267.75               0         227.373               0         211.737 
        1.12901         250.282               0         257.666               0         203.389 
        1.13515         240.455               0         190.737               0         183.232 
        1.14128             234               0         223.799               0         229.319 
        1.14742         243.638               0         207.954               0         180.856 
        1.15355         242.485               0         216.045               0         221.114 
        1.15969         232.573               0         181.022               0         197.285 
        1.16583         242.376               0         224.271               0         192.156 
        1.17196         227.013               0         211.236               0         163.623 
         1.1781         226.688               0         205.559               0         219.213 
        1.18423         223.382               0         202.325               0         224.163 
        1.19037          233.46               0         218.197               0         197.346 
        1.19651         224.041               0          185.07               0         151.992 
        1.20264         216.161               0         165.057               0         239.522 
        1.20878         214.101               0         220.364               0         209.463 
        1.21491         214.445               0         199.225               0         183.661 
        1.22105         211.882               0         185.329               0         187.776 
        1.22718         203.794               0         190.546               0         213.857 
        1.23332         211.075               0         212.184               0         209.004 
        1.23946         209.008               0          205.26               0         180.567 
        1.24559         198.502               0          181.85               0         201.794 
        1.25173         201.549               0         190.319               0         214.165 
        1.25786         207.715               0         202.656               0         183.323 
          1.264         199.976               0         173.823               0         189.173 
        1.27014         192.507               0         176.283               0         206.401 
        1.27627          198.65               0          178.49               0          206.77 
        1.28241         193.785               0         195.758               0         181.777 
        1.28854         186.185               0         211.713               0         190.758 
        1.29468         185.199               0         158.055               0         211.893 
        1.30082         195.348               0         180.878               0           212.7 
        1.30695         189.275               0         184.353               0         203.911 
        1.31309         177.567               0         164.483               0          128.63 
        1.31922         188.389               0         200.264               0          210.67 
        1.32536         182.888               0         209.001               0         173.177 
         1.3315         169.303               0         174.472               0         208.182 
        1.33763         184.266               0          197.09               0         177.595 
        1.34377          177.41               0         166.256               0         164.599 
         1.3499         182.748               0         176.722               0         217.137 
        1.35604         183.433               0         163.904               0         192.701 
        1.36217         174.893               0         185.953               0         167.866 
        1.36831         171.009               0         171.903               0           190.7 
        1.37445         170.642               0         177.688               0         187.128 
        1.38058         165.773               0         187.004               0         190.709 
        1.38672         172.293               0         163.957               0         185.689 
        1.39285         171.768               0         171.721               0           171.8 
        1.39899         164.772               0         177.793               0         197.931 
        1.40513         173.153               0         147.849               0         151.464 
        1.41126         155.245               0         168.063               0         179.695 
         1.4174         163.791               0         156.766               0         233.094 
        1.42353         161.603               0          152.72               0         179.956 
        1.42967         156.342               0         172.925               0         180.222 
        1.43581         166.434               0         180.313               0         171.642 
        1.44194         158.253               0           156.1               0         182.448 
        1.44808         159.649               0         156.715               0         171.651 
        1.45421         160.093               0         149.019               0         171.985 
        1.46035         161.542               0         152.324               0         146.419 
        1.46649         162.513               0         156.761               0         192.612 
        1.47262         148.473               0         148.776               0         161.153 
        1.47876          149.21               0         154.048               0         137.099 
        1.48489         155.157               0         145.913               0          186.07 
        1.49103         137.974               0         141.084               0         155.185 
        1.49717         148.646               0          132.75               0         181.419 
         1.5033          141.29               0         137.371               0         189.351 
        1.50944         153.773               0         136.324               0           183.4 
        1.51557         146.667               0         146.406               0         150.744 
        1.52171         147.505               0         130.506               0         140.218 
        1.52784         141.849               0         141.462               0         174.714 
        1.53398         137.289               0         140.028               0         137.758 
        1.54012         146.995               0         144.782               0         160.583 
        1.54625         141.866               0          126.32               0         192.549 
        1.55239         146.535               0           141.4               0         186.531 
        1.55852         138.121               0         135.533               0         147.109 
        1.56466         140.293               0         131.442               0         202.267 
         1.5708         146.284               0         135.224               0         174.789 
        1.57693         140.955               0         117.026               0         177.536 
        1.58307         148.608               0         128.045               0         181.916 
         1.5892         136.934               0         116.224               0         155.374 
        1.59534         136.584               0         126.602               0         124.926 
        1.60148         146.571               0         148.367               0         171.654 
        1.60761           143.7               0         126.896               0         139.701 
        1.61375          140.38               0         124.641               0         186.011 
        1.61988         138.581               0         116.646               0         191.109 
        1.62602         145.251               0         123.984               0         143.837 
        1.63216         133.112               0           118.2               0         186.231 
        1.63829         141.909               0          114.59               0         157.426 
        1.64443         133.935               0         134.963               0         162.274 
        1.65056         136.577               0         132.783               0          163.73 
         1.6567         135.007               0         126.272               0         163.573 
        1.66284         141.167               0         135.889               0         163.397 
        1.66897         146.021               0         109.441               0         178.191 
        1.67511         131.473               0         113.089               0         155.362 
        1.68124         134.941               0          97.126               0         165.573 
        1.68738         141.163               0         127.542               0         141.877 
        1.69351         134.823               0         123.775               0          191.57 
        1.69965         136.766               0         112.324               0         146.505 
        1.70579         132.677               0          122.97               0         184.017 
        1.71192         132.337               0         108.863               0          148.11 
        1.71806         130.099               0         108.808               0         157.749 
        1.72419         129.192               0         112.236               0         173.119 
        1.73033         131.632               0         105.383               0          167.68 
        1.73647         134.005               0          123.44               0         167.014 
         1.7426         133.265               0         112.672               0         141.012 
        1.74874         133.565               0         111.215               0         164.059 
        1.75487         137.091               0         125.277               0          173.57 
        1.76101         133.028               0         88.8417               0         147.343 
        1.76715         138.291               0         95.8278               0         143.872 
        1.77328         133.539               0         107.898               0         172.309 
        1.77942         134.789               0         88.7878               0         148.645 
        1.78555         139.364               0          83.777               0         195.111 
        1.79169         130.166               0         105.919               0         147.457 
        1.79783         135.294               0         110.766               0         172.026 
        1.80396         139.018               0         114.812               0         168.063 
         1.8101         133.025               0         103.682               0          172.76 
        1.81623         133.716               0         98.9515               0         115.345 
        1.82237         130.383               0          116.19               0         170.947 
        1.82851           143.3               0         118.754               0         165.612 
        1.83464          137.26               0         105.133               0         160.238 
        1.84078         136.111               0         81.7212               0          170.56 
        1.84691         137.766               0         97.7814               0         168.949 
        1.85305         135.584               0          106.17               0         186.479 
        1.85918         149.689               0         98.5998               0         148.006 
        1.86532           130.9               0         96.5073               0         167.711 
        1.87146         133.541               0         113.752               0         189.159 
        1.87759         134.204               0         92.8153               0         191.529 
        1.88373         137.329               0         105.075               0         181.654 
        1.88986         145.776               0          103.16               0         174.627 
          1.896         138.712               0         115.427               0         202.066 
        1.90214         145.747               0         85.1915               0         166.452 
        1.90827         142.748               0         104.169               0         156.286 
        1.91441         138.828               0         96.5696               0          179.23 
        1.92054         138.863               0         80.8763               0         185.047 
        1.92668         147.017               0         94.2721               0         161.999 
        1.93282         150.753               0         88.9658               0         165.454 
        1.93895         147.539               0         93.1688               0         166.556 
        1.94509         143.278               0         90.9157               0         175.069 
        1.95122         144.404               0          105.81               0          178.19 
        1.95736         146.622               0         117.239               0         146.255 
         1.9635         146.092               0         80.5207               0         186.265 
        1.96963         148.751               0         107.916               0         163.241 
        1.97577         148.399               0         104.223               0         190.364 
         1.9819         153.403               0         93.2026               0         150.234 
        1.98804         151.963               0         100.973               0         198.802 
        1.99418         153.215               0         93.6648               0         162.362 
        2.00031         149.505               0         93.9921               0         193.615 
        2.00645         150.419               0         88.7993               0         181.349 
        2.01258         154.065               0         80.4209               0         170.711 
        2.01872         157.589               0         94.7925               0         200.878 
        2.02485         154.546               0         87.9579               0          165.54 
        2.03099         161.265               0         86.9146               0         196.966 
        2.03713          151.04               0          91.235               0         193.981 
        2.04326         159.659               0         89.2992               0          188.39 
         2.0494         153.336               0         99.3594               0          208.05 
        2.05553         157.788               0         73.1131               0         181.309 
        2.06167         154.652               0         91.0622               0         216.504 
        2.06781         172.663               0         98.7918               0         202.356 
        2.07394         160.014               0         98.6719               0         186.962 
        2.08008         165.184               0         81.9144               0         213.822 
        2.08621         165.316               0         94.0158               0         207.914 
        2.09235         168.674               0         86.9582               0         191.241 
        2.09849         166.551               0         71.1664               0         196.159 
        2.10462         175.711               0         78.8747               0          220.48 
        2.11076         170.404               0         80.6769               0         212.077 
        2.11689         172.312               0         66.7802               0         189.344 
        2.12303         176.396               0           75.13               0         206.218 
        2.12917         178.485               0         92.1497               0         210.097 
         2.1353         175.889               0         80.4977               0         206.659 
        2.14144         179.872               0         82.0072               0         211.085 
        2.14757         180.355               0         86.4892               0         206.069 
        2.15371         177.398               0         84.3662               0          222.47 
        2.15984         184.639               0         73.1127               0           206.9 
        2.16598         180.133               0         89.8173               0         225.503 
        2.17212         188.498               0         83.2289               0         231.621 
        2.17825         184.254               0         86.3999               0         218.854 
        2.18439         190.841               0         76.4363               0         221.734 
        2.19052          195.86               0         76.6607               0         215.503 
        2.19666         189.023               0         74.0464               0         237.283 
         2.2028         195.415               0         80.1553               0         223.096 
        2.20893         193.068               0         75.0565               0         239.595 
        2.21507         194.497               0         78.9029               0         232.265 
         2.2212          195.57               0          74.993               0         244.186 
        2.22734         201.865               0         83.8928               0          226.12 
        2.23348         197.754               0         74.4164               0         250.503 
        2.23961         203.541               0         63.4528               0         242.419 
        2.24575         206.677               0         71.9277               0         244.504 
        2.25188         206.402               0          69.275               0         256.481 
        2.25802         212.529               0         70.1214               0         284.747 
        2.26416         212.153               0         82.3952               0         254.461 
        2.27029         211.769               0         65.6194               0         268.329 
        2.27643         213.254               0         77.7024               0         256.171 
        2.28256         218.654               0         77.0697               0         253.068 
         2.2887         218.567               0         63.2533               0         274.718 
        2.29484         224.583               0         58.2861               0         271.765 
        2.30097         222.466               0         73.4349               0          273.03 
        2.30711         226.349               0         74.7295               0         304.332 
        2.31324         225.687               0         71.8149               0         286.504 
        2.31938         227.557               0         75.0664               0         271.529 
        2.32551         235.408               0          82.168               0         294.032 
        2.33165         234.634               0         81.9247               0          294.66 
        2.33779         236.749               0         71.1991               0         288.246 
        2.34392         243.337               0         85.7411               0         300.823 
        2.35006         242.296               0         77.4583               0         269.201 
        2.35619         244.831               0         87.6238               0         283.137 
        2.36233         251.541               0         56.4736               0         293.843 
        2.36847          254.53               0         71.8503               0         309.362 
         2.3746         258.384               0         65.1352               0         316.342 
        2.38074         255.657               0         81.5832               0         301.674 
        2.38687         257.057               0         71.4515               0         338.898 
        2.39301         261.155               0         78.7087               0         315.442 
        2.39915         268.063               0         65.9354               0         323.939 
        2.40528         269.062               0         60.8584               0         351.407 
        2.41142         270.048               0         89.0958               0         329.553 
        2.41755         275.107               0           74.71               0         336.143 
        2.42369         271.889               0         75.9635               0         335.539 
        2.42983         280.992               0         64.7473               0         328.248 
        2.43596         281.537               0         77.2526               0         338.344 
         2.4421          288.77               0         71.6796               0         371.302 
        2.44823          295.53               0         76.1336               0         362.959 
        2.45437         291.827               0          60.759               0         359.089 
        2.46051          294.34               0         74.4341               0         373.592 
        2.46664         298.419               0         77.0168               0           376.6 
        2.47278         311.161               0         66.0426               0          366.16 
        2.47891         302.827               0         74.4645               0         371.488 
        2.48505         311.361               0         62.0054               0         387.574 
        2.49118         313.712               0         71.7146               0         387.821 
        2.49732         316.887               0         58.9082               0         383.015 
        2.50346         322.307               0         74.8571               0         407.614 
        2.50959          322.16               0         60.2911               0          397.81 
        2.51573         333.273               0         67.8051               0         424.094 
        2.52186         336.386               0         75.9779               0         416.775 
          2.528          333.88               0         79.9232               0         414.295 
        2.53414         336.786               0         74.9887               0         425.048 
        2.54027         344.343               0         64.0149               0         427.029 
        2.54641         351.867               0         64.6562               0         427.688 
        2.55254         352.747               0         72.0517               0         445.839 
        2.55868         360.454               0         56.0666               0         446.556 
        2.56482         361.196               0         61.2599               0         472.933 
        2.57095         369.696               0         63.9018               0         437.985 
        2.57709         371.254               0         72.5336               0         449.804 
        2.58322          375.86               0         71.1668               0         487.512 
        2.58936         377.479               0         75.7804               0         468.138 
         2.5955         379.895               0          67.727               0         492.874 
        2.60163         388.678               0         78.9915               0         512.893 
        2.60777         389.593               0          70.349               0         496.109 
         2.6139         396.005               0         55.0175               0         500.662 
        2.62004         406.967               0         75.8549               0         523.222 
        2.62618         410.053               0         54.3065               0         534.315 
        2.63231         421.695               0         60.0673               0         521.679 
        2.63845         423.863               0         69.5964               0         524.806 
        2.64458         425.499               0         70.0171               0         544.128 
        2.65072         427.452               0          66.601               0         555.262 
        2.65685         433.869               0         81.1663               0         572.229 
        2.66299          439.99               0         71.7031               0         561.382 
        2.66913         450.761               0         51.7974               0         592.733 
        2.67526         448.002               0         73.2185               0         579.917 
         2.6814         459.489               0         62.6831               0         573.075 
        2.68753         461.911               0          62.701               0         610.724 
        2.69367         468.526               0         75.6189               0         577.649 
        2.69981         474.533               0         58.5475               0         623.673 
        2.70594         488.153               0         66.2973               0         619.988 
        2.71208         493.658               0         71.9787               0         638.229 
        2.71821         501.127               0         73.9565               0         644.983 
        2.72435         499.603               0         77.8646               0         667.482 
        2.73049         502.688               0         64.1508               0         656.441 
        2.73662         515.843               0         61.3929               0         654.022 
        2.74276         515.039               0          69.266               0         678.586 
        2.74889          525.16               0         67.4068               0         681.476 
        2.75503         538.855               0         65.3581               0         697.145 
        2.76117         543.043               0         62.3741               0         711.874 
         2.7673           551.7               0         70.6789               0         743.337 
        2.77344          559.06               0         61.8966               0          738.17 
        2.77957         561.912               0         62.5526               0         741.168 
        2.78571         567.472               0         75.3265               0         780.021 
        2.79185         578.899               0         62.8838               0         767.542 
        2.79798          582.16               0          77.976               0          765.51 
        2.80412         595.272               0         67.9305               0         787.687 
        2.81025          600.88               0         66.4404               0         797.919 
        2.81639         602.023               0          58.415               0         832.045 
        2.82252         618.792               0           66.29               0         822.042 
        2.82866         625.602               0         61.9282               0         817.154 
         2.8348         631.316               0         54.8533               0         871.479 
        2.84093         648.774               0         59.8063               0         890.069 
        2.84707         649.723               0         62.5856               0          881.51 
         2.8532         657.326               0         69.7109               0         882.132 
        2.85934         671.805               0         57.6689               0         904.383 
        2.86548         677.091               0         67.9174               0         911.752 
        2.87161         688.075               0         65.5896               0         933.629 
        2.87775         694.045               0         64.3014               0         971.406 
        2.88388         699.884               0         53.5841               0          958.43 
        2.89002         712.211               0         65.2202               0         968.335 
        2.89616         720.239               0         50.2188               0         991.377 
        2.90229         728.289               0          41.967               0         1000.48 
        2.90843         741.477               0         55.2746               0         1013.88 
        2.91456         751.093               0         47.0606               0         1014.11 
         2.9207         759.771               0         63.8778               0         1038.43 
        2.92684         773.125               0         62.0677               0         1046.28 
        2.93297         775.346               0          68.671               0         1085.55 
        2.93911         788.329               0         76.1996               0         1098.47 
        2.94524         802.533               0         65.8719               0         1090.82 
        2.95138         813.359               0         62.2165               0         1135.25 
        2.95751         824.675               0         53.5764               0         1132.72 
        2.96365         831.778               0         59.2077               0         1151.76 
        2.96979         848.122               0         56.6747               0          1212.2 
        2.97592         856.335               0          57.962               0          1211.9 
        2.98206         870.225               0         67.0445               0         1221.69 
        2.98819         879.202               0          67.564               0         1233.64 
        2.99433         887.482               0         67.5526               0         1262.24 
        3.00047         903.111               0         55.5444               0          1275.8 
         3.0066          909.55               0         61.5644               0         1287.88 
        3.01274         928.233               0         72.8959               0          1333.9 
        3.01887         940.058               0         66.0529               0         1337.74 
        3.02501         955.043               0          65.184               0         1353.07 
        3.03115          966.57               0         66.2222               0         1371.31 
        3.03728         980.495               0         57.1621               0          1415.8 
        3.04342         987.299               0         63.3171               0         1410.22 
        3.04955         1003.84               0         60.9787               0         1433.02 
        3.05569         1018.77               0         56.9269               0         1471.69 
        3.06183         1034.81               0         53.0116               0         1472.23 
        3.06796         1042.54               0         63.2215               0         1507.76 
         3.0741         1053.62               0         65.0599               0         1531.61 
        3.08023         1075.47               0         43.6185               0         1553.33 
        3.08637         1086.41               0         66.1712               0          1573.1 
        3.09251          1100.9               0         59.9546               0         1590.48 
        3.09864         1124.77               0         48.5886               0         1627.62 
        3.10478         1133.51               0         69.8485               0         1641.11 
        3.11091         1154.13               0         64.0676               0         1700.99 
        3.11705         1155.79               0         74.8932               0         1713.16 
        3.12318         1176.71               0         62.2939               0         1736.84 
        3.12932         1197.38               0         83.3201               0         1767.16 
        3.13546         1213.18               0         72.1526               0          1784.5 
        3.14159         1220.54               0         64.8812               0          1747.2 

